{
    "0": {
        "precision": 0.6071428571428571,
        "recall": 0.6296296296296297,
        "support": 54.0,
        "f1_score": 0.6181818181818182
    },
    "1": {
        "precision": 0.6,
        "recall": 0.5769230769230769,
        "support": 52.0,
        "f1_score": 0.5882352941176471
    },
    "accuracy": 0.6037735849056604,
    "macro avg": {
        "precision": 0.6035714285714285,
        "recall": 0.6032763532763532,
        "support": 106.0,
        "f1_score": 0.6032085561497327
    },
    "weighted avg": {
        "precision": 0.6036388140161725,
        "recall": 0.6037735849056604,
        "support": 106.0,
        "f1_score": 0.6034910705276965
    }
}